{
  "type": "APL",
  "version": "1.5",
  "settings": {},
  "theme": "dark",
  "background": "white",
  "import": [],
  "resources": [],
  "styles": {},
  "onMount": [],
  "graphics": {
    "Spirale": {
      "parameters": [
        "rotation"
      ],
      "type": "AVG",
      "version": "1.2",
      "width": 1000,
      "height": 1000,
      "items": [
        {
          "type": "group",
          "rotation": "${rotation}",
          "pivotX": 500,
          "pivotY": 500,
          "data": [
            [
              "#a600efff",
              "-179.48004,487.08323,527.52466"
            ],
            [
              "#ff2c00ff",
              "11.615498,758.39028,653.34461"
            ],
            [
              "#ff2f00ff",
              "-157.24572,481.65819,525.00877"
            ],
            [
              "#ff6000ff",
              "-145.82078,478.72832,523.65004"
            ],
            [
              "#ff8a00ff",
              "-134.27337,475.57781,522.18896"
            ],
            [
              "#e6d200ff",
              "-123.137,472.27487,520.65723"
            ],
            [
              "#52b700ff",
              "-111.91933,468.57535,518.94156"
            ],
            [
              "#00990bff",
              "-100.77167,464.37849,516.99525"
            ],
            [
              "#00a37fff",
              "-89.363931,459.31776,514.64829"
            ],
            [
              "#2990e8ff",
              "-78.371163,453.37127,511.89057"
            ],
            [
              "#4162eeff",
              "-66.879954,445.44045,508.21263"
            ],
            [
              "#5100f1ff",
              "-55.474582,434.75404,503.25676"
            ],
            [
              "#5800f1ff",
              "-44.277424,419.4118,496.14173"
            ],
            [
              "#5d00f0ff",
              "-33.194693,394.66836,484.66685"
            ],
            [
              "#7500f1ff",
              "-22.131415,346.17135,462.17614"
            ],
            [
              "#a600efff",
              "-10.934981,199.0372,393.94201"
            ]
          ],
          "items": [
            {
              "type": "group",
              "transform": "rotate(${data[1]})",
              "items": [
                {
                  "type": "path",
                  "fill": "${data[0]}",
                  "pathData": "m 492.36889,-284.47113 -69.3203,30.17857 16.7173,38.62846 c 16.6667,38.51183 26.3044,62.64926 38.1138,95.4543 63.4114,176.150258 80.3378,323.57783 53.9088,469.5401 -9.572,52.86331 -24.5274,106.77883 -52.262,188.40805 -3.2161,9.46537 -5.5994,17.30743 -5.2963,17.4266 0.596,0.23381 20.358,-35.79251 35.2682,-64.29395 43.4546,-83.06532 68.9273,-147.85115 85.4538,-217.33854 31.38,-131.94001 29.5785,-280.32193 -5.6786,-467.73307 -7.4785,-39.75276 -23.2651,-110.52795 -26.1125,-117.06827 l -1.4717,-3.38089 z"
                },
                {
                  "type": "path",
                  "fill": "${data[0]}",
                  "pathData": "m 456.46466,1394.8019 69.3203,-30.1785 -16.7173,-38.6285 c -16.6667,-38.5118 -26.3044,-62.6493 -38.1138,-95.4543 -63.4114,-176.1508 -80.3378,-323.5785 -53.9088,-469.54077 9.572,-52.86331 24.5274,-106.77883 52.262,-188.40805 3.2161,-9.46537 5.5994,-17.30743 5.2963,-17.4266 -0.596,-0.23381 -20.358,35.79251 -35.2682,64.29395 -43.4546,83.06532 -68.9273,147.85115 -85.4538,217.33854 -31.38,131.94001 -29.5785,280.32203 5.6786,467.73373 7.4785,39.7528 23.2651,110.528 26.1125,117.0683 l 1.4717,3.3809 z"
                }
              ]
            }
          ]
        }
      ]
    }
  },
  "commands": {},
  "layouts": {},
  "mainTemplate": {
    "parameters": [
      "payload"
    ],
    "items": [
      {
        "type": "Container",
        "width": "100vw",
        "height": "100vh",
        "alignItems": "center",
        "justifyContent": "center",
        "items": [
          {
            "type": "VectorGraphic",
            "width": "${viewport.width}",
            "height": "${viewport.height}",
            "align": "center",
            "scale": "best-fill",
            "source": "Spirale",
            "rotation": "${rotation}",
            "bind": [
              {
                "name": "rotation",
                "value": 0,
                "type": "number"
              }
            ],
            "handleTick": [
              {
                "minimumDelay": "${1000 / 60}",
                "commands": [
                  {
                    "type": "SetValue",
                    "property": "rotation",
                    "value": "${(rotation + 0.15) % 360}"
                  }
                ]
              }
            ]
          }
        ]
      }
    ]
  }
}