{
  "type": "APL",
  "version": "1.5",
  "import": [
    {
      "name": "alexa-layouts",
      "version": "1.2.0"
    }
  ],
  "mainTemplate": {
    "parameters": [
      "timerData",
      "timerExpiryAction"
    ],
    "items": [
      {
        "type": "Container",
        "bind": [
          {
            "name": "remainingTimerDurationMinutes",
            "value": "${Time.minutes(timerData.timerDuration) - 1 < 0 ? 0 : Time.minutes(timerData.timerDuration) -1 }"
          },
          {
            "name": "remainingTimerDurationSeconds",
            "value": "${Time.seconds(timerData.timerDuration - remainingTimerDurationMinutes*60*1000 -1)}"
          }
        ],
        "handleTick": [
          {
            "type": "Sequential",
            "when": "${remainingTimerDurationMinutes >= 0 && remainingTimerDurationSeconds > 0}",
            "minimumDelay": 1000,
            "commands": [
              {
                "type": "SetValue",
                "property": "remainingTimerDurationSeconds",
                "value": "${remainingTimerDurationSeconds - 1}"
              },
              {
                "type": "Sequential",
                "when": "${remainingTimerDurationSeconds == 0 && remainingTimerDurationMinutes == 0}",
                "commands": "${timerData.timerExpiryAction}"
              },
              {
                "type": "Sequential",
                "when": "${remainingTimerDurationSeconds == 0 && remainingTimerDurationMinutes != 0}",
                "delay": 1000,
                "commands": [
                  {
                    "type": "SetValue",
                    "property": "remainingTimerDurationSeconds",
                    "value": 59
                  },
                  {
                    "type": "SetValue",
                    "property": "remainingTimerDurationMinutes",
                    "value": "${remainingTimerDurationMinutes - 1}"
                  }
                ]
              }
            ]
          }
        ],
        "items": [
          {
            "type": "Container",
            "width": "100%",
            "height": "100%",
            "alignItems": "center",
            "justifyContent": "center",
            "items": [
              {
                "type": "AlexaButton",
                "id": "button",
                "buttonText": "${remainingTimerDurationMinutes < 10 ? 0 : ''}${remainingTimerDurationMinutes}:${remainingTimerDurationSeconds < 10 ? 0 : ''}${remainingTimerDurationSeconds}",
                "alignSelf": "center"
              }
            ]
          }
        ]
      }
    ]
  }
}
