{
  "type": "APL",
  "version": "1.7",
  "license": "Copyright 2021 Amazon.com, Inc. or its affiliates blah blah",
  "settings": {},
  "theme": "dark",
  "import": [],
  "resources": [],
  "styles": {},
  "onMount": [],
  "graphics": {},
  "commands": {},
  "layouts": {},
  "mainTemplate": {
    "parameters": [
      "payload"
    ],
    "items": [
      {
        "type": "Container",
        "items": [
          {
            "source": "https://media.makeameme.org/created/nope-try-again-845dad4218.jpg",
            "type": "Image",
            "width": "100vw",
            "height": "100vh"
          }
        ]
      }
    ]
  }
}